Club,Provincia,Localidad,Telefonos,Fuente,Estado
"INDEPENDIENTE ALMERIA","ALMERÍA","","846466996","DuckDuckGo","encontrado"
"C.D. NEXA","ALMERÍA","","846466996","DuckDuckGo","encontrado"
"CLUB DE PADEL ALBOX","ALMERÍA","ALBOX","846466996","DuckDuckGo","encontrado"
"C.D. LICEO SPORT CLUB","ALMERÍA","ALMERIA","846466996","DuckDuckGo","encontrado"
"C.D. PROPADEL INDOOR CLUB","ALMERÍA","ALMERIA","846466996","DuckDuckGo","encontrado"
"CLUB DE MAR DE ALMERIA","ALMERÍA","ALMERIA","846466996","DuckDuckGo","encontrado"
"CLUB NATACION ALMERIA","ALMERÍA","ALMERIA","846466996","DuckDuckGo","encontrado"
"C.D. PADEL INDOOR EL EJIDO","ALMERÍA","EL EJIDO","846466996","DuckDuckGo","encontrado"
"C.D. CENTRO DEPORTIVO ROQUETAS DE MAR","ALMERÍA","ROQUETAS DEL MAR","846466996","DuckDuckGo","encontrado"
"C.D. LA CUBIERTA PADEL","ALMERÍA","VICAR","846466996","DuckDuckGo","encontrado"
"INDEPENDIENTE CADIZ","CÁDIZ","","846466996","DuckDuckGo","encontrado"
"CLUB GLOBAL PADEL","CÁDIZ","","846466996","DuckDuckGo","encontrado"
"PADELGADES INDOOR CLUB","CÁDIZ","","846466996","DuckDuckGo","encontrado"
"R2 PADEL FITCLUB","CÁDIZ","CAMPAMENTO - SAN ROQUE","846466996","DuckDuckGo","encontrado"
"CLUB PADEL TORNO CHICLANA INDOOR","CÁDIZ","CHICLANA","846466996","DuckDuckGo","encontrado"
"CLUB DEPORTIVO FERCUM","CÁDIZ","CHICLANA DE LA FRONTERA","846466996","DuckDuckGo","encontrado"
"CLUB TENIS LA BARROSA","CÁDIZ","CHICLANA DE LA FRONTERA","846466996","DuckDuckGo","encontrado"
"C.D. PADEL VALDESPORT","CÁDIZ","EL PUERTO DE SANTA MARÍA","846466996","DuckDuckGo","encontrado"
"CORNER4","CÁDIZ","JEREZ","846466996","DuckDuckGo","encontrado"
"C.D. PÁDEL EXTREME","CÁDIZ","JEREZ DE LA FRONTERA","846466996","DuckDuckGo","encontrado"